id,name,model_id:id,group_id:id,perm_read,perm_write,perm_create,perm_unlink
access_reservation_management,reservation.management,model_reservation_management,base.group_user,1,1,1,1
access_hfla_bnod,hfla.bnod,model_hfla_bnod,base.group_user,1,1,1,1
access_settings_settings,settings.settings,model_settings_settings,base.group_user,1,1,1,1
access_settings_periods,settings.periods,model_settings_periods,base.group_user,1,1,1,1
access_wedding_quotation,wedding.quotation,model_wedding_quotation,base.group_user,1,1,1,1
access_amount_amount_pay,access.amount.amount.pay,model_amount_amount_pay,base.group_user,1,1,1,1
